{
  "file_info": {
    "filename": "sample.m4a",
    "duration_seconds": 1.1726077,
    "sample_rate": 44100.0,
    "total_samples": 51712,
    "total_frames": 101
  },
  "analysis_config": {
    "chunk_size": 512,
    "frame_rate": 86.13281,
    "include_frame_data": false
  },
  "frequency_band_stats": {
    "bass": {
      "min": 0.0,
      "max": 0.3972839,
      "mean": 0.028246775,
      "median": 0.000031238258,
      "std_dev": 0.060066037,
      "samples": 101,
      "histogram": [
        [
          0.0,
          77
        ],
        [
          0.019864196,
          2
        ],
        [
          0.039728392,
          1
        ],
        [
          0.05959259,
          6
        ],
        [
          0.079456784,
          4
        ],
        [
          0.09932098,
          4
        ],
        [
          0.11918518,
          2
        ],
        [
          0.13904937,
          1
        ],
        [
          0.15891357,
          1
        ],
        [
          0.17877777,
          1
        ],
        [
          0.19864196,
          0
        ],
        [
          0.21850616,
          1
        ],
        [
          0.23837036,
          0
        ],
        [
          0.25823456,
          0
        ],
        [
          0.27809873,
          0
        ],
        [
          0.29796293,
          0
        ],
        [
          0.31782714,
          0
        ],
        [
          0.33769134,
          0
        ],
        [
          0.35755554,
          0
        ],
        [
          0.3774197,
          0
        ]
      ]
    },
    "sub_bass": {
      "min": 0.0,
      "max": 0.0,
      "mean": 0.0,
      "median": 0.0,
      "std_dev": 0.0,
      "samples": 101,
      "histogram": []
    },
    "mid": {
      "min": 0.0,
      "max": 0.041027643,
      "mean": 0.0042043873,
      "median": 0.000026412912,
      "std_dev": 0.008992464,
      "samples": 101,
      "histogram": [
        [
          0.0,
          75
        ],
        [
          0.002051382,
          4
        ],
        [
          0.004102764,
          5
        ],
        [
          0.006154146,
          2
        ],
        [
          0.008205528,
          0
        ],
        [
          0.010256911,
          0
        ],
        [
          0.012308292,
          2
        ],
        [
          0.014359674,
          2
        ],
        [
          0.016411057,
          0
        ],
        [
          0.018462438,
          0
        ],
        [
          0.020513821,
          0
        ],
        [
          0.022565203,
          4
        ],
        [
          0.024616584,
          1
        ],
        [
          0.026667967,
          3
        ],
        [
          0.028719349,
          1
        ],
        [
          0.030770732,
          0
        ],
        [
          0.032822113,
          1
        ],
        [
          0.034873497,
          0
        ],
        [
          0.036924876,
          0
        ],
        [
          0.03897626,
          0
        ]
      ]
    },
    "treble": {
      "min": 0.0,
      "max": 0.011698716,
      "mean": 0.0015097932,
      "median": 0.000044935674,
      "std_dev": 0.0031917496,
      "samples": 101,
      "histogram": [
        [
          0.0,
          77
        ],
        [
          0.0005849358,
          3
        ],
        [
          0.0011698717,
          3
        ],
        [
          0.0017548075,
          2
        ],
        [
          0.0023397433,
          1
        ],
        [
          0.002924679,
          0
        ],
        [
          0.003509615,
          1
        ],
        [
          0.004094551,
          0
        ],
        [
          0.0046794866,
          0
        ],
        [
          0.0052644224,
          0
        ],
        [
          0.005849358,
          1
        ],
        [
          0.006434294,
          2
        ],
        [
          0.00701923,
          1
        ],
        [
          0.007604166,
          0
        ],
        [
          0.008189102,
          1
        ],
        [
          0.0087740375,
          2
        ],
        [
          0.009358973,
          1
        ],
        [
          0.009943909,
          2
        ],
        [
          0.010528845,
          2
        ],
        [
          0.011113781,
          1
        ]
      ]
    },
    "presence": {
      "min": 0.0,
      "max": 0.0016549801,
      "mean": 0.00020018365,
      "median": 0.000006298783,
      "std_dev": 0.00043227008,
      "samples": 101,
      "histogram": [
        [
          0.0,
          79
        ],
        [
          0.00008274901,
          3
        ],
        [
          0.00016549802,
          1
        ],
        [
          0.00024824703,
          1
        ],
        [
          0.00033099603,
          1
        ],
        [
          0.00041374503,
          1
        ],
        [
          0.00049649406,
          0
        ],
        [
          0.00057924306,
          0
        ],
        [
          0.00066199206,
          0
        ],
        [
          0.00074474106,
          2
        ],
        [
          0.00082749006,
          1
        ],
        [
          0.00091023906,
          2
        ],
        [
          0.0009929881,
          1
        ],
        [
          0.0010757371,
          0
        ],
        [
          0.0011584861,
          2
        ],
        [
          0.0012412351,
          1
        ],
        [
          0.0013239841,
          2
        ],
        [
          0.0014067332,
          1
        ],
        [
          0.0014894821,
          2
        ],
        [
          0.0015722312,
          1
        ]
      ]
    }
  },
  "spectral_feature_stats": {
    "spectral_centroid": {
      "min": 0.0,
      "max": 16878.607,
      "mean": 3495.9436,
      "median": 3369.856,
      "std_dev": 2704.6162,
      "samples": 101,
      "histogram": [
        [
          0.0,
          23
        ],
        [
          843.93036,
          2
        ],
        [
          1687.8607,
          13
        ],
        [
          2531.791,
          13
        ],
        [
          3375.7214,
          11
        ],
        [
          4219.652,
          3
        ],
        [
          5063.582,
          14
        ],
        [
          5907.5127,
          19
        ],
        [
          6751.443,
          1
        ],
        [
          7595.373,
          1
        ],
        [
          8439.304,
          0
        ],
        [
          9283.234,
          0
        ],
        [
          10127.164,
          0
        ],
        [
          10971.095,
          0
        ],
        [
          11815.025,
          0
        ],
        [
          12658.955,
          0
        ],
        [
          13502.886,
          0
        ],
        [
          14346.816,
          0
        ],
        [
          15190.746,
          0
        ],
        [
          16034.677,
          0
        ]
      ]
    },
    "pitch_confidence": {
      "min": 0.0,
      "max": 0.9658565,
      "mean": 0.6247933,
      "median": 0.77598417,
      "std_dev": 0.35394427,
      "samples": 101,